내용,댓글,댓글쓴이,대댓글여부,id
조교님 안녕하세요제가 원래 군제대 후 휴학을 하고 어학연수를 하던 중에 코로나가 터져서 급작스럽게 복학을 하게 되었습니다. 다행히도 학과에서 어학연수 학점(6학점)을 인정해준다고 했는데 학점인정이 된다면 이번 학기 계절학기 신청이 불가능한가요??휴학중 학점 인정은 복학한 학기 학점으로 들어간다고 알고 있어서요...항상 감사합니다!!,,,,122011223
조교님 안녕하세요 국외교류 한 학기 교환학생을 2019년 9월부터 한 학기 갔다왔는데 학점인정신청이 이번년도 6월에 있는 거 맞나요...? 제가 기간을 착각한 건 아닐까 염려되네요감사합니다!,,[],,121912034
조교님 안녕하세요졸업을 앞두고있는 영어대생입니다제가 제2외국어 요건으로 한자3급을 따서 졸업요건을 충족시키려하는데요언제까지따면 되는지 어떤기한이 있는지 궁금합니다수강편람에도 나와있지 않아서 질문드립니다ㅜㅜ,,[],,121818741
안녕하세요 조교님! 현재 코로나 때문에 4-1 끝나고 여름방학 때 가려던 어학연수를 못 가게 되었는데혹시 4-2 끝난 겨울방학에도 단기 어학연수 참여가 가능한가요?,,[],,121776674
조교님 안녕하세요!저는 현재 2학년 1학기까지 마친 뒤 휴학 중이고 아직 이중전공 신청을 하지 않아 이번에 신청을 하려고 합니다. 정외과를 신청하려고 하는데 이중전공 신청 목록에 정외과가 뜨지 않아 문의 드립니다.,,[],,121669733
"안녕하세요? 항상 감사드립니다.이번에  이중전공에 대해서 고민을 하다가 절차에 관해 헷갈려서 질문드립니다.조교님 여러 답변도 읽어 봤는데 복잡합니다. 1.현재 이중전공을 하고 있는상태에서20년 2학기부터 지금하고 있는 이중전공이 아닌 부전공을 하고 싶다면 5.15일 까지인 이중전공 변경 신청기간이 아니라 종정시에 나와있는 이중전공/부전공 취소 신청기간에 취소를 하고, 전공심화(부전공)/부전공 신청 기간에 부전공을 신청해야하는건가요?? 아니면 따로 취소할 필요 없이 부전공 신청기간에 부전공을 신청하면 되는건가요?? 또 지금은 취소 신청 기간들이 모두 1월 날짜고 신청기간이 아니라고 나오는데 기간이 언제인지도 궁금합니다!2. 이렇게 부전공을 하게 되면 졸업요건을 다 충족시켜야 하는 이중전공과는 다르게 부전공은 졸업시험 과 같은 요건을충족시키지 않아도 되는지 궁금합니다. 부전공은 따로 없는 걸로 알고 있기는 한데 학과별로 명시 되지 않은 곳도 있어서과별로 다른건지 여쭤보고 싶습니다. 감사합니다. 헷갈리는 저에게 도움 부탁드립니다.",,[],,121575496
안녕하세요 조교님 질문드립니다휴학 1회 1학기휴학 2회 2학기휴학 3회 1학기 했는데휴학은 총 2년했어요. 추가로 1년 더 할 수 있나요?휴학가능 횟수는 총 3번이라는 말도 있고3년이라는 말이 있어서ㅠㅠ,,[],,121546519
안녕하세요 조교님!군휴학 마치고 이번 2학기에 복학하는 헌내기입니다복학 전에 여름계절학기를 신청하고 싶은데 학점 인정이 될까요??,"['ㅇㅇ', '2학기 학점으로 들어가는건가요??', '네 복학하시는 학기 학점으로 반영되어요 ~', '감사합니다~~']","['익명', '익명(글쓴이)', '익명', '익명(글쓴이)']","['parent', 'child', 'child', 'child']",121546263
조교님 안녕하세요제가 지금 융소 이중으로 21학점 들었는데컴전으로 부전공으로 내리면 융소 학점 그대로 컴전 학점으로 인정되나요??,,[],,121463731
조교님 안녕하세요 혹시 이번여름 계절학기를 듣고 20-2학기는 현장실습을 하게되어도 계절 학점인정은 가능한가요?예를들어 여름계절 6학점 20-2현장실습으로 18학점 인정받아서 그해학기 학점이 총 24학점으로요!,['아 지금 현재 (2020-1)휴학중입니다'],['익명(글쓴이)'],['parent'],121381624
조교님 안녕하세요. 글캠 다니는 새내기입니다. 제가 이번에 글로벌 창조 장학금을 받았습니다. 14학점 이상 3.5여야 1년 내내 받을 수 있다고 하더군요. 이번 학기에 성적이 3.5미만으로 나오면 받은 장학금을 토하내야 하나요? 아님 2학기 장학금 지급이 취소되나요?,['1학기 직후 장학생 자격을 상실하는 것이기 때문에 2학기부터 지급되지 않습니다 열심히 공부하셔서 학점 관리 잘하시길 바랍니다'],['에타조교'],['parent'],121092294
조교님 안녕하세요졸업유예에 대해 궁금해서요졸업요건에 맞는 증명서 다 제출하고서졸업유예 원한다고 하면 유예 해주는 건가요?,['졸업유예라는 제도는 따로 없고 4학년 2학기까지 졸업학점을 다 채우면 수료생(졸업대기) 신분이 됩니다 만일 수료생이 아닌 재학생 신분을 계속 유지해야 한다면 일부러 1~2학점 정도 남겨놓고 추가학기를 이수하는 경우도 있습니다'],['에타조교'],['parent'],120979305
"안념하세요 조교님!저는 현재 베어 이중을 하고 있습니다.이번 이중변경 기간에 이중전공을 변경하고 싶은데요.만약 이번에 변경이 실패한다면이중 취소/부전 신청 기간에 희망하는 전공으로 부전공을 신청하여 수강한 후에, 추후에 있을 이중변경기간에 부전공을 이중전공으로 변경할 수 있는지 궁금합니다!감사합니다.",['네 그렇게 하셔도 됩니다 실제로 그런 경우도 꽤 있습니다'],['에타조교'],['parent'],120895072
안녕하세요 조교님 ! 현재 졸업요건은 다 수료한 졸업예정자이자 수료자입니다 근데 졸업시험 볼 생각을 아예 안하는건지..못하는건지.. 이번학기 졸시 어케해야할까요?,['글쎄요 학교에서도 아마 대책은 세울텐데 조만간 공지하지 않을까 합니다 이번학기에 아예 안 보면 취업 등에서 불이익을 보는 학생들이 많아지기 때문에...보통 5월 달 중엔 졸시 공지가 이루어지니 조금 기다리시면서 학사공지 게시판을 체크하시길 바랍니다'],['에타조교'],['parent'],120875311
"안녕하세요. 조교님!언제나 수고가 많으십니다.현재 저는 국통 부전공인 2-1학기 재학생입니다.1. 이중전공 변경 기간에 경영 이중전공을 신청해서 볼 수 있나요?2. 경영 시험에서 떨어져 다시 국통 부전공으로 돌아가게 된다면, 이는 이중전공 변경 1회 제한에 속하지 않는 것인가요?",['1. 기존 이중전공 변경신청으로 이중을 배정받은 적이 없기 때문에 가능합니다 2. 네 배정되면 그 이후부턴 변경이 안된다는 뜻입니다 떨어지는건 상관없고 그 다음에 다시 신청하시면 됩니다'],['에타조교'],['parent'],120814565
안녕하세요 에타조교님수고가 많으십니다!제가 19학번인데 작년 2학기에 휴학을 해서 현재 1학년 2학기에 재학 중입니다.이중전공을 아직 신청하지 않았는데 내일부터 시작되는 이중전공 변경 기간에 저도 신청하는 게 맞나요..?공지사항에는 2학년~4학년만이 대상이라고 되어있는데 그 외에 이번 학기 이중전공 신청에 대한 공지를 찾을 수 없어서요ㅠㅠ답변 부탁드립니다. 감사합니다~,"['아마 이번달 중에 이중전공 신청(1학년 2학기 재학생)이 별도로 공지될 겁니다 그 때 신청하시면 됩니다', '답변 감사드립니다~ 좋은 하루 되세요!']","['에타조교', '익명(글쓴이)']","['parent', 'child']",120752214
안녕하세요! 저는 지금 엇학기로 복학해서 1-2학기를 재학중입니다! 내일부터 있을 이중변경신청 때 저는 이중을 신청해야 한다고 들었는데요 이게 맞나요?그럼 이중 변경 신청은 한 번 하면 추후에 또 변경을 못한다고 하는데 지금 원하는 과에 티오가 없으면 어떡하나요? 올해 겨울이나 내년 이중변경신청 기간에 신청을 하면 되나요??,['이중전공 변경신청은 2~4학년 재학생이 신청 대상이며 학생은 대상자가 아닙니다 학생은 이번학기 중 공지될 이중전공 신청(1학년 2학기 재학생) 때 하시면 됩니다'],['에타조교'],['parent'],120711746
안녕하세요 조교님!제가 이번에 국가장학금을 신청했는데 이연자라서 지원 대상이 아니여서 심사에서 탈락했습니다. 이연자 해제를 학교 측에 전화해야 한다던데 학교 측 어디로 전화해야하나요??,['학교 홈피에서 학생지원팀으로 검색하신 후 해당 홈피에 안내된 국가장학금 담당자 연락처로 문의하시면 됩니다'],['에타조교'],['parent'],120245222
"안녕하세요! 조교님 항상 고생하십니다:)졸업시험 플렉스 대체에 대해 여쭤보려고 합니다.코로나로 응시인원이 많아지면서 플렉스 듣기/읽기 시험을 이번에 신청하지 못해 9월에 신청을 해야합니다.저는 지금 막학기라 졸업유예 기간이 되버리는데, 유예기간에 플렉스 응시를 해도 시험응시료 환급이 가능한가요?과는 스페인어 이중입니다",['네 유예와 상관없이 졸업 전에만 처리하시면 됩니다'],['에타조교'],['parent'],120192110
"안녕하세요 에타조교님. 이중전공 부전공 관련해서 여쭤봅니다. 제가 지금 A 이중전공을 듣고 있는데, 이걸 다른과 B부전공으로 내리거나 A부전공으로 내리고 싶은데, 이경우에는 신청을 5월 11일부터 하는 이중전공변경신청때 해야하나요 아니면 7월달에 신청하는건가요?",['부전공 신청이라면 7월에 하셔야 됩니다'],['에타조교'],['parent'],120126041
"조교님 안녕하세요!!슬슬 더워지는데 일교차에 조심하세요😊저는 현재 1학기 휴학상태이고, 2학기에 복학예정인 스페인어과 3학년입니다.부전공을 경영으로 듣고 있는데, 7월에 단일전공(전공심화)으로 바꾸고 싶은데 경영이수 학점이 인정이 되나요?",['수강편람 > 마지막페이지 > 수강유의교과목 현황에서 지금까지 이수한 경영학점이 스페인어과 혹은 교양으로 교류가 되는지 확인바랍니다 (해당없으면 모두 자선 처리입니다)'],['에타조교'],['parent'],119955048
"조교님!! 안녕하세요 ㅎㅎㅎ현재 재학중이고, 3학점이 남았는데 혹시 여름 계절학기에 3학점을 채우고 이번 학기에 졸업할 수 있을까요?",['네 여름 계절로 들은 학점은 이번학기로 산입되므로 가능합니다'],['에타조교'],['parent'],119950779
"안녕하세요 조교님!추가학기에 관해서 질문드립니다.제가 2020-2학기에 9학기를 다니려고 하는데이중전공 6학점을 채우지 못했기 때문입니다.그런데 학교공지에 추가등록금 납부에 복수전공자는 11회이상이라고 명시되어있어서 혼란스러움에 질문드립니다.이중전공으로 인해 추가학기를 다니게 될 경우, 11회 이상이 아닐 시, 전액 납부를 해야하나요?추가적으로, 9학기를 이중전공으로 인해 추가로 다닐 경우, 면학장학금도 이전과 동일하게 받을 수 있나요?감사합니다. 좋은 하루 보내세요!","['복수전공이랑 이중전공은 달라요', '감사합니다!', '대신 답해주셔서 감사합니다^^', '면학장학금의 경우 복수전공자, 후기이중전공자를 제외한 8학기 이하 재학생만 신청 가능합니다']","['익명', '익명(글쓴이)', '에타조교', '에타조교']","['parent', 'child', 'child', 'parent']",119819775
안녕하세요 조교님!지역경제개발 융합전공을 신청하려고 하는데요본전공이 언어인데 이중전공에서 들어야하는 언어학점을 본전공으로도 채울 수 있나요?? 아니면 다른 외국어를 배워야하나요?수강편람을 찾아봤는데 따로 기재된 부분이 없어서 모르겠습니다감사합니다!!,"['본전공으로 가능한 걸로 알아요. 대신 54+18학점 들어야 합니다', '알려주셔서 감사합니다~~', '대신 답해주셔서 감사합니다^^']","['익명', '익명(글쓴이)', '에타조교']","['parent', 'child', 'child']",119425824
"안녕하세요. 조교님. 제가 베트남어 부전공을 이수중인 상황인데, 이번 이중전공신청기간에 베트남어과가 아닌 다른 과로 이중전공을 신청하고 이후 부전공 취소기간에 부전공을 취소하려고합니다.제가 이번 이중전공 신청대상자가 맞나요? (아직 이중전공 신청을 한적이 없습니다.) 종합정보시스템에는 제가 신청대상이 아니라고 나와있어서요.긴글읽어주셔서 감사합니다.","['아마 1학년 2학기 재학생 신청을 보신거 같은데 2~4학년 재학생은 이중전공 변경신청으로만 배정이 가능합니다 그리고 변경신청으로 이중전공에 선발됐다면 기존의 부전공은 자동으로 취소됩니다(별도로 취소할 필요없음)', '감사합니다!!!!']","['에타조교', '익명(글쓴이)']","['parent', 'child']",119413114
"안녕하세요 조교님,재학중 이중전공 변경은 1회만 가능한 것으로 알고 있습니다.제가 이중전공을 a전공으로 하다가 b전공 부전공으로 바꾼 바가 있는데, 이중전공 변경 기간에 b전공(현재 부전공하고 있는 전공)으로 이중전공 변경 신청을 할 수 있나요?감사합니다.",['이중전공 a가 1학년 때 신청하신거라면 아직 변경기회는 1회 남은겁니다 즉 가능합니다'],['에타조교'],['parent'],119321139
조교님 안녕하세요? 이중전공에 대해 질문드립니다. 저는 엇학기로 현재 19학번이며 1학년 2학기에 재학중입니다. 따라서 이중전공 '변경'이 아니라 '신청'에 접수해야 한다고 알고 있습니다. 그런데 이중전공 변경 표를 보면 2019(학번별여석)로 나와있어 경제학 같은 경우 0명으로 표시되기도 합니다. 제가 1학년이라서 20학번(새로 뽑는 티오)의 티오로 들어가는지 1학년이지만 19학번이기에 변경 티오로 들어가는지 알고 싶습니다.,"['한번도 이중전공을 신청하지않은사람도 2019학년도 여석에 따라 결정되는건가요?', '19학번티오로 들어감. 첫신청때 못했으면 무조건 변경으로 간주', '그럼 이번 변경때 처음 신청하면 다시는 변경 못하나요?? 지금 원하는 과에 티오가 없으면 나중에 신청하면 되나요?', '넵 그렇게 알아요', '참고로 저는 이중전공을 아직 한번도 신청하지 않았습니다!', '1. 현재 학생은 1학년 2학기 재학생이기 때문에 이중전공 신청으로 배정받으셔야 합니다 이중전공 변경은 1학년 2학기 이상을 마친 2~4학년 재학생이 대상이며 학생은 대상자가 아닙니다 2. 학번과 관련해서 말씀드리자면 현재 학생의 학번이 기준입니다 다만 아까 말씀드렸듯이 지금 올라온 이중전공 변경티오는 학생과는 무관합니다']","['익명', '익명', '익명', '익명', '익명(글쓴이)', '에타조교']","['parent', 'parent', 'child', 'child', 'parent', 'parent']",119113358
안녕하세요! 에타 조교님! 항상 수고하세요!다름이 아니라 제가 이중전공을 수강하고 있는데 이를 포기하고 전심으로 바꾸고 싶습니다. 언제 어떻게 신청해야하는지 여쭈어봐도 괜찮을까요?,"['부전공, 전공심화, 단일전공은 1월과 7월의 부전공 신청기간에 종정시로 하시면 됩니다']",['에타조교'],['parent'],118987731
안녕하세요 조교님부전공 변경은 7월 중순에 부전공 신청 기간에 하면 되는거 맞나요?,['네 1월과 7월에 학교홈피 학사공지를 통해 안내되면 그 때 신청하시면 됩니다'],['에타조교'],['parent'],118982483
안녕하세요 조교님글로벌캠퍼스 학생인데 서울캠 경영을 이중으로 듣고있습니다 이번 이중변경때 경제로 바꾸고 싶은데 만약 바꾼다면 경영에서 들었던 과목 재수강 신청을 할수있나요? 글로벌캠퍼스 학생이라 서울캠퍼스 과목은 이중전공 과 과목만 들을 수 있다고 알고있어서요경제로 바꾸고 싶다면 경영에서 들었던 과목들 재수강을 다 마치고 바꿔야할까요?,"['정규학기 중 캠간이수는 학생이 현재 이수중인 전공수업만 가능하며 만일 전공을 바꾸게 된다면 기존의 전공수업들은 들을 수 없습니다 따라서 이 경우엔 미리 재수강을 해두셔야 합니다', '감사합니다! 그럼혹시 계절학기는 상관없이 들을수 있나요??', '계절은 교양 간 이수가 가능한데 전공은 정규학기와 마찬가지입니다 본인의 전공이 아니면 캠간이수는 안됩니다', '어떤 글에서는 계절은 제한없어서 자선으로 들을수있다고 하는데 뭐가 맞는걸까요?ㅠㅠ 또 여쭤봐서 죄송합니다', '학교홈피 > 학사공지 > 계절로 검색 > 계절학기 수강신청 안내 공지에 첨부된 수강지침서를 참고하시길 바랍니다 거기에 다 나와있습니다']","['에타조교', '익명(글쓴이)', '에타조교', '익명(글쓴이)', '에타조교']","['parent', 'child', 'child', 'child', 'child']",118951676
안녕하세요 조교님!1. 수직장학생은 추천서를 받으라고 하는데 보통 이메일로 문의를 드리는 걸로 시작하면 되는건가요?2. 장학금은 2차에 나눠서 지급이 되고 중도포기 시 장학금 지급처리를 위해 연락을 달라고 하는데 만약 2월까지가 기간인데 2~3주를 남기고 중도포기하면 그만큼이 계산되어서 제하고 나오는 건가요?,"[""1. 공로장학생(수직장학생)은 학과 자체 심사로 대상자들을 선발한 후 학생지원팀에 추천하는 구조입니다 따라서 선발 과정은 학과마다 다르며 이건 과사무실에 문의하시길 바랍니다 2. 공로장학생은 학과에 공로가 있는 학생에게 주는 장학금이며 근로장학금하고는 전혀 다른겁니다 본래 취지는 학과를 위해 여러가지로 봉사를 한 학생에게 주라는건데 대부분의 학과에선 '학과 공로 = 수직근무' 형식으로 주는거죠 따라서 근무일수, 시간과는 무관하게 100프로 지급되며 중간에 그만두는 경우에 대해선 학과마다 다르게 처리합니다 기간이 얼마 안 남았으면 그냥 학생과 협의해서 대타를 세우기도 하고 무단으로 그만두면 다음번 수직선발에서 제외하는...뭐 그런 식입니다""]",['에타조교'],['parent'],118832614
안녕하세요 조교님! 저는 현재 4학년 1학기를 다니고 있는 학생입니다😄이중전공에서 진행한 프로그램에 참가해서 받은 이중전공 학점이 있는데 제가 전심+부전공으로 내리게 되었어요. 근데 다른 이중전공 학점들은 부전공 학점으로 내려갔는데 프로그램 이수로 받은 학점이 그대로 이중전공 학점에 남아있더라구요. 이거 학점 부전공으로 옮겨야 하는데 어떻게 해야 할까요..??,['학종지 소속 단과대 담당자에게 문의하셔서 이수구분정정신청을 하시길 바랍니다'],['에타조교'],['parent'],118699584
안녕하세요 조교님 저 문의드릴게 있습니다. 제가 지금 4학년인데 이중 변경을 하고 싶은데 티오의 문제로 인해서 변경을 하지 못하고 있습니다. 만약 4학년 내에 졸업에 필요한 전공과 이중전공에 요구되는 모든 학점을 채우고 올해에는 이미 후기이중 신청기간이 지났으니 졸업유예한 다음 후기이중 신청 가능한가요?? 후기 이중신청이 가능할 경우 후기 이중에 붙으면 바로 졸업요건이 갖춰지게 되는 건가요??,"['4학년 2학기까지 졸업학점을 모두 채우게되면 자동으로 수료생(졸업대기) 신분이 됩니다 이때는 이중, 부전 신청은 물론 추가학기 이수도 불가능한 졸업대기자 신분이며 후기이중도 할 수 없습니다 후기이중은 7~8학기 재학생 신분이어야 하기 때문에 내년 4월에 해당조건을 갖출수 있게끔 계획을 짜시길 바랍니다']",['에타조교'],['parent'],118642951
안녕하세요 조교님!이중변경을 10월에 신청한다고 하고 10월에 2-2학기이면 성적은 2-1 학기까지 반영되는거 맞나요?,['이중전공변경은 신청 마감일 성적이 기준입니다 따라서 2-2학기에 신청한다면 직전학기인 2-1학기 성적까지 반영됩니다'],['에타조교'],['parent'],118598840
안녕하세요!조교님학수번호 관련 문의드려요!본전공 T03113201 이랑 F02314201이중전공 T01209301 과 F02414301이 두 과목의 학수번호 인데 둘 중에 하나만 들을 수 있나요??,['학수번호 앞 여섯자리가 같으면 서로 같은 과목이라고 보시면 됩니다 다만 과목별로 예외인 경우가 많기 때문에 학수번호만으로는 100퍼센트 판단하기는 어렵습니다 수강편람 > 마지막 페이지 > 수강유의교과목 현황 > 중복수강금지 교과목 현황에서 해당 과목들이 서로 중복수강이 금지되는지(동일과목인지) 확인바랍니다 아니라면 서로 별개의 과목이므로 이수 가능합니다'],['에타조교'],['parent'],118529754
"조교님 안녕하세요!  국내대학 학점교류 문의합니다.홈페이지 관련글 유의사항에 사. 우리대학 교과목과 <동일교과목> 및 <유사교과목>은 중복 수강할 수 없음. 이라고 나와있습니다.그런데 기본적으로 저희학교와 교환대학 모두 같은 교과목이 있지만, 개설되는 시기가 다를 경우에 대해 묻고 싶습니다.1) 외대에서 중국정치의 이해라는 교과목이 1학기만 개설되는데교환대학에서 같은 교과목을 2학기에 신청하는 경우2) 여름계절학기에 외대는 개설하지 않지만, 교환대학에서는 개설되는 교과목의 경우두가지 경우 모두, 학점교류 신청가능할까요?",['학점인정 및 승인여부는 학생이 인정받고자 하는 전공의 학과에서 결정합니다 국제교류팀(학교)에서는 학과에서 승인해준대로만 처리하죠 따라서 학과 측에서 해당 과목을 동일 또는 유사교과목으로 판단하는 지에 따라 결정되는데 이건 학과에 문의하셔서 상담을 받는 게 좋을 것 같습니다'],['에타조교'],['parent'],118508746
안녕하세요 조교님!제가 이중전공 변경을 신청해서 떨어진다면지금 하고 있는 이중전공이 그대로 유지되는 건가요?아니면 둘 다 못하게 되는 건가요?감사합니다,"['이중전공 배정에서 떨어진다면 현재 이수중인 이중(부전)은 바뀌지 않으며 계속 유지됩니다', '감사합니다!']","['에타조교', '익명(글쓴이)']","['parent', 'child']",118473592
"조교님 안녕하세요 저는 3-2학기까지 끝나고 휴학중인 학생입니다. 후기이중전공에 대해 여쭤보고 싶은 게 있어서 글 올립니다.1. 제가 부전중인 전공이 하나 있고 현재6학점까지 수료하였습니다. 8학기 이전에 부전공학점을 다 채우면 후기이중전공신청이 가능하다고 알고 있는데요, 본전공 졸업학점까지 무조건 모두 채워야 가능한건가요?2. 후기이중전공은 이중전공변경보다 경쟁률이 적은편인가요? 후기이중전공도 신청자가 많나요? 이중전공변경TO처럼 후기이중전공 TO 수도 있는지 궁금합니다.","['1. 전공, 부전, 교양 등 8학기까지 졸업에 필요한 영역별 이수학점을 모두 채우셔야 합니다 2. 학과 입학정원의 50~150퍼센트 선발이 원칙인데 후기이중 자체가 지원자가 적어서 웬만하면 된다고 보시면 됩니다', '혹시 본전공땜에 추가학기를 한학기 다녀야한다면 9학기에 후기이중전공신청하는건 불가능하다는 말씀인건가요?']","['에타조교', '익명(글쓴이)']","['parent', 'parent']",118367529
"안녕하세요! 조교님!인턴십 관련으로 질문이 있어서 문의 드립니다!다름이 아니라 제가 이번 7~12월에 있을 모 회사의 인턴십에 지원하려고 하는데요,학점 인정을 받을 수 있을지 알고 싶습니다.수강편람을 보면 정규학기 때 장기현장실습(인턴십)으로 인정받을 수 있는 학점이 15학점까지라고 하는데,제가 지원하려는 모 회사의 인턴십에 해당사항이 있는지,그리고 해당 사항이 있으면 어디에 문의해야 인정을 받을 수 있는 것인지 알고 싶습니다.추가로 인정받게 될 경우에는 학점이 전공으로 넘어가는 것인지도 알고 싶습니다!그럼 수고하세요!",['일단 두가지가 필요합니다 첫째로 학점인정은 학과 권한이기 때문에 전공(또는 이중전공)학과에서 학점 인정이 가능한 지 문의하시길 바랍니다 2. 가능하다고 하면 진로취업센터에 문의하신 후 관련 절차를 밟으시면 됩니다 회사와 학과 측에서 승인해야하는 서류에 도장받으시고 센터에 제출하시면 됩니다'],['에타조교'],['parent'],118123078
안녕하세요 조교님 항상 고생 많으십니다 ㅠㅠ제가 자선으로 분류되어 있는 다른과 전공을 1전공으로 인정을 받고 싶은데 이 경우 교류과목에 등록 되어 있지 않으면 아예 불가능한가요?혹시 학과장님이나 해당 과목 교수님의 서명이 있으면 가능할 수 있나요?감사합니다,['원칙적으로는 전공교류과목이어야 인정이 가능합니다 다만 교류목록에 과목이 누락되거나 갱신이 안 된 경우도 간혹 있으니 일단 학과에 인정이 가능한지 문의해보시길 바랍니다'],['에타조교'],['parent'],118114652
"안녕하세요 조교님!🙂이번에 편입해서 18학번으로 들어왔습니다.1) 만약 이중전공을 한다면, 1전공 최소54 + 2전공 최소42 + 교양최소32학점 듣고 졸업이수학점 134를 채워야한다고 수강편람에서 읽었습니다.전 자대생이구요, 현재 3-1까지 (전적대 학점인정 포함) 1전공31학점, 교양36학점, 자선21학점인 상태이고 졸업이수학점은 134입니다.그럼 3-2부터 이중전공을 할 경우 졸업까지, 1전공최소23 + 2전공최소42학점만 들으면 (1전공54 + 2전공42 + 교양36 + 자선21 = 총153학점) 졸업조건은 충족되는걸까요?2) 이중전공 최초신청은 5월말/11월말이라고 알고 있습니다. 그럼 이번년도 5월초쯤 공지가 올라와서 5월말에 신청하면 2020-2학기부터 이중전공을 하게 되는건가요?","['1. 편입생의 경우 이중전공 신청 시 재학생과 동일한 졸업학점을 충족해야 합니다 학생의 계산대로 이수하시면 됩니다 (단 전공필수과목 이수, 졸업외국어 인증도 재학생과 동일하므로 똑같이 충족해야함) 2. 신청은 그렇게 하시는 게 맞습니다 다만 편입생의 경우 이중전공 신청이 권장되지 않기 때문에 사전에 학종지에 문의 및 상담을 받은 후 신청을 하게끔 되어있습니다 따라서 신청 전에 학종지에 연락하셔서 안내를 받으시길 바랍니다 3. 이번학기에 신청해서 배정받으면 바로 다음학기부터 이수 가능합니다', '감사합니다!!']","['에타조교', '익명(글쓴이)']","['parent', 'child']",118113095
"안녕하세요 조교님!졸업 외국어인증 관련 FLEX 환급에 관해 문의드리고자 합니다!상공회의소 주관 flex 시험만 환급 가능하며 중국어는 이에 해당사항이 없다는 글을 보았는데요,중국어 flex시험도 외국어인증 기준 점수를 넘는다면 환급이 가능한지 여쭤보고 싶습니다.감사합니다:)",['상공회의소 주관 플렉스 시험으로서 학과 졸업시험 또는 졸업 외국어 인증을 대체한 경우에 한해서 환급됩니다 즉 학생이 둘 중 하나에 해당되는 경우로서 중국어 플렉스로 대체를 했다면 환급가능합니다'],['에타조교'],['parent'],117918901
안녕하세요 조교님:)개인적 사정으로 자퇴를 해야되는데 자퇴관련 내용이 학교 홈페이지에 나와있지 않아서요:( 자퇴 신청 방법과 등록금 반환에 대해 여쭙고 싶습니다!,"['종정시에 자퇴항목가서 신청하고 서류 우편이나 방문해서 제출하면되요', '등록금은 얼마 반환되는 지 알 수 있나요?', 'http://builder.hufs.ac.kr/user/indexSub.action?framePath=unknownboard&siteId=gsps2&dum=dum&boardId=48015991&page=1&command=view&boardSeq=133697092', '지금하시면 2/3 반환될거같네요', '감사합니다!', '대신 답해주셔서 감사합니다^^']","['익명', '익명(글쓴이)', '익명', '익명', '익명(글쓴이)', '에타조교']","['parent', 'child', 'child', 'child', 'child', 'child']",117696875
조교님 안녕하세요...막학기 학생인데 실외를 하나도 안들었어요플렉스 이번학기신청했다가 취소되고 놓쳐서..그래서 방학에 7월14일부터 2주간하는외국어연수평가원80시간 듣고 실외 대체하려고 하는데 졸업될까요??ㅠㅠ 아님 다음학기 신청해야될까요...,['졸업사정회의가 7월말이나 8월 초쯤에 있는데 그 전에 처리가 될 수 있는지가 관건으로 보입니다 우선 학종지 졸업담당자분께 문의하셔서 일정상 처리가 가능한지 확인바랍니다'],['에타조교'],['parent'],117476186
"안녕하세요 조교님, 학습포트폴리오 관련하여 질문있습니다.저는 14학번으로 현재 학습포트폴리오 영역신입생세미나 진로설계세미나 진로개발세미나2를 수강한 상태입니다.진로개발세미나1을 수강하지 않은 상태인데, 현재 막학기로 이 상황을 이제서야 인지하여 훕스커리어디자인 과목을 수강해야 하는지 궁금한 상황입니다.현재 상황은 졸업 요건 미충족인지 궁금합니다...!!만약 그렇다면 계절학기에 열리는 훕스커리어디자인 과목을 수강하면 졸업요건으로 충족이 되는건가요?","['넵', '알고 계시겠지만 세미나 수업은 신입생세미나 + 진로세미나 3개를 이수하셔야 합니다 이중 진로세미나 수업들은 지금은 모두 폐지되었고 훕커 하나로 대체 이수가 가능합니다 즉 계절로 훕커를 이수하면 졸업요건은 충족하게 됩니다']","['익명', '에타조교']","['parent', 'parent']",117473563
"안녕하세요 조교님지경경제개발 관련 질문이 있습니ㅣ다언어 과목 중 영어를 선택했는데언어, 정치, 지역학 등등 상관없이 학점만 채우면 되는게 맞는건지 궁금해서요~감사합니다",['편람을 보시면 각 카테고리별로 이수해야할 학점이 나와 있습니다 거기에 맞게 이수하시면 아무 문제 없습니다'],['에타조교'],['parent'],117398501
안녕하세요 조교님. 국가리더 이중전공하는 졸업생입니다.졸업요건에 졸업시험과 졸업논문이 있어서 시험을 선택하려 합니다.졸업시 시험 통과여부만 기록되고 점수는 커트라인에 가까운 점수로 통과해도 불이익은 없는 건가요?,['전공에 따라서 수석졸업자에게 상을 주는 경우도 있기는 한데 학위 취득에 있어서는 아무 상관없습니다 통과만 하면 됩니다'],['에타조교'],['parent'],117255318
안녕하세요 조교님 ! 제가 지금 전공심화 아닌 부전공을 하고 있는데요! 현재 종합정보시스템 전공정보에 전공심화(부전공)이라고 써 있더라구요! 혹시 제가 전공심화를 하고 있는 상태인가요ㅠㅠㅠ? 용어가 너무 헷갈려 문의드립니다!,['종정시에 그렇게 떠있다면 학생은 전공심화를 하고 있는겁니다 부전공신청 기간에 그냥 부전공으로 신청하실 수 있습니다'],['에타조교'],['parent'],117188162
"안녕하세요 조교님, 전공 + 이중전공(정외) 하다가 전공 +부전공(경영)으로 바꿨었는데요, 이런 경우 이중전공 신청 또는 변경은 불가능하고 오직 후기이중신청만 가능한건가요??.. 후기 이중 신청의 경우 7-8학기 안에 총 졸업 요건을 채워야 가능하다는데, 초과 학기를 할 경우 후기 이중 신청이 불가능한건가요?? ㅠㅠ 항상 감사합니다...😱",['1. 이중전공 변경신청으로 이중을 배정받는 건 재학중 1회 가능합니다 즉 부전공 신청과는 상관이 없으며 기존에 이중전공 변경신청을 한 적이 없다면 신청 가능합니다 2. 후기이중전공 신청은 7~8학기 재학생만 가능하며 9학기 이상 재학생은 신청할 수 없습니다'],['에타조교'],['parent'],117060888
조교님 안녕하세요!이번에 칠쁠일 됐는데 취소하면담학기에 다시 신청가능할까요?? 우선선발이긴합니다만 걱정되네요  ㅠㅠ,['우선선발은 100% 선발이 보장되기 때문에 다시 신청하시면 됩니다'],['에타조교'],['parent'],116904133
"안녕하세요 조교님!현재 2-1 재학중인 19학번입니다5월 이중변경 기간에 경제학전공으로 변경하고 싶습니다1. 만약 여석이 10개라면, 그 여석은 글캠 설캠 학생 모두 지원해서 동일한 기준으로 (학점 순) 뽑는건가요?2. 학점이 2학년 성적은 반영안되고1학년 1,2학기 총 학점이 반영되는거 맞나요? 3. 1지망만 쓸 수 있는데 변경 배정에서 떨어진다면 다음 10월 이중변경 기간까지 기다리거나 부전공을 신청해야 되는거 맞나요?",['1. 원칙적으로는 그렇지만 각 전공에 따라 캠퍼스별 기준을 둘 수는 있습니다 이건 해당학과 사무실에 문의하시길 바랍니다 2. 신청 마감일 성적이 기준이므로 직전학기 성적까지만 반영됩니다 3. 맞습니다'],['에타조교'],['parent'],116864107
안녕하세요 조교님! 8학기 재학중인데 다음주에 후기이중을 신청하려고 합니다 근데 경영 홈페이지에 후기이중전공 신청 대상은 전공심화(부전공)이수자라고 나와있는데 심화전공+부전공 말고 전공+부전공도 되는 것 맞나요..?ㅜㅠ,"[""전공심화 여부와 상관없이 '부전공 이수자'라면 신청 가능합니다""]",['에타조교'],['parent'],116734620
"안녕하세요 조교님 인턴 학점인정 관련 문의드립니다. 현재 3학년 1학기 교환학생을 다녀왔습니다. 그런데 교환학교 특성상 인정학점(9학점)이 적어 걱정입니다.다행히도 학기가 일찍끝나 인턴을 할수 있을것 같습니다. 5,6,7,8월 남은기간 인턴을 해서 몇학점 이라도 3학년 1학기 인정학점에 같이 포함시킬수 있을까요?또한 3학년 2학기때에는 해외인턴을 나갈 예정인데 위의 학점인정에 지장이 없는지요?감사합니다.","['1. 한 학기에 교환학생, 인턴을 중복해서 인정받을 수는 없습니다 정규학기 교환학생 + 방학 중 인턴 또는 정규학기 교환학생 + 방학 중 계절학기로는 가능합니다 2. 국내외교류학점은 최대 35학점까지 인정 가능합니다 즉 3학년 2학기 인턴의 경우 기존에 인정받은 학점을 포함, 최대 35학점만 초과하지 않으면 됩니다']",['에타조교'],['parent'],116729141
안녕하세요 조교님이중변경을 하려고 하는데 설캠 경제학은 이중변경을 학번대별로 뽑나요?,"['매학기마다 이중전공 변경신청 공지가 뜨면 전공별, 학번별 잔여여석이 엑셀파일로 첨부됩니다 조만간 공지가 뜰텐데 그 때 확인바랍니다']",['에타조교'],['parent'],116632238
안녕하세요 조교님이번에 이중전공을 부전공으로 돌릴려고 합니다. 부전공 21학점에서  6학점을 더 들었습니다 혹시 이 학점은 자유교양으로 넣을 수 있나요? 감사합니다!,"['자선학점으로 돌릴수있습니다', '학종지 소속단과대 담당자에게 찾아가셔서 신청서를 작성, 제출하시면 바꿔줍니다']","['익명', '에타조교']","['parent', 'parent']",116359344
영어대학 졸업요건 중에서 외국어인증 성적이 어떻게 되어야하나요? KBS한국어시험이나 한자시험 기준으로 알려주실 수 있나요?,['수강편람 20쪽을 참고바랍니다 거기에 다 나와있습니다..'],['에타조교'],['parent'],116185056
"안녕하세요 조교님,현재 19학번 학생입니다5월 달 이중변경기간에 경제학전공을 신청하고 싶습니다 만약 여석이 10개 라면 그 여석은 글캠,서울캠 학생 모두 지원해서 똑같은 기준에서 뽑는건가요? 그리고 학점 순으로 뽑는 다는데 그 학점이 5월 중간 성적까지 포함한 학점인가요?","['그리고 1지망만 쓸 수 있는데 만약 이중변경기간에 떨어져서 미배정 된다면 10월 이중변경 기간까지 또 기다려야 되는건가요?', '1. 캠퍼스별 선발기준은 전공마다 다를 수 있습니다 따라서 이건 공지에 첨부될 각 전공별 잔여 여석 파일을 참고바랍니다 2. 이중전공 변경신청은 신청 마감일 성적이 기준입니다 즉 직전학기 성적까지만 반영됩니다 3. 네 1지망만 신청가능하므로 탈락 시엔 다음 신청기간까지 기다리셔야 됩니다']","['익명(글쓴이)', '에타조교']","['parent', 'parent']",115987501
"안녕하세요 조교님!제가 이번학기에 후기이중전공을 신청하려고 하는데, 승인이 되면 제 신분은 '이중전공생'인건가요, 아니면 추가학기 전까지는 '부전공생'인건가요?제가 지금 7학기 재학중이고, 다음 학기 8학기에 현재 부전공인(후기이중 신청할) 전공의 졸업시험을 보려고 하는데, 졸업시험은 이중전공생에만 해당하는거고 부전공생은 볼 수가 없어서요제가 이번학기(7학기)에 후기이중전공 승인이 되면, 8학기에 신분이 '이중전공생'인지 아니면 8학기까지는 '부전공생'이고 9학기부터 '이중전공생'인지 궁금합니다!감사합니다!","['후기이중은 전공+부전공 수료 조건이 확인되는 8학기 직후에 최종 승인됩니다 따라서 8학기까지는 부전공생 신분입니다', '감사합니다!']","['에타조교', '익명(글쓴이)']","['parent', 'child']",115806912
조교님 안녕하세요!저희 학과는 졸업 요건이 플렉스 통과에요. 저는 지금 3-1이고 빨리 치고 끝내자 싶어 이번학기에 플렉스 치려고 하는데 만약 이번에 통과하면 졸업할 때 바로 가능한거죠? 뭐 플렉스 유효기간이 있어서 2년 휴학하고 와서 졸업하려고 했더니 다시치라거나 뭐 그런 일은 없는거죠?,['졸업사정은 3학년 2학기 수료생부터 가능합니다 따라서 학생이 올해까지 3학년 2학기를 마친다면 내년부터 제출이 가능한데 그 때까지 플렉스 성적이 유효해야합니다'],['에타조교'],['parent'],115794172
조교님 안녕하세요!다름이 아니라 제가 정말 19학점이 너무너무 벅차서...이미 드랍기간을 한 번 더 주셨지만 혹시 한 번 더 드랍기간이 또 생길 가능성은 없나요??싸강이 너무 벅차고 힘이 듭니다ㅜㅜ,"['절대 없음', '드랍기간 이후에는 추가적인 포강을 할 수 없습니다']","['익명', '에타조교']","['parent', 'parent']",115777478
"조교님 안녕하세요. 제가 개인 사정상 중요한 시험을 학기와 병행하고 있어서 졸업 필수 요건인 1. 영어시험점수 2. 졸업논문을 제외하고 졸업필수 학점을 다 채운 후에 추후에 수료생 신분에서 나중에 따로 졸업논문, 영어시험점수를 제출하고 싶은데 이게 가능한가요?즉, 졸업필수 학점을 다 채운 후 수료생 신분에서 졸업논문과 영어시험점수를 제출할 때 재학생이 아닌 학비를 내지 않는 수료생 신분에서 이 절차가 가능한지가 궁금합니다. 가능하다면 수료생 신분은 몇년까지인지도(즉, 졸업논문과 영어시험 점수를 수료생이 된 이후 몇년까지 제출해야 하는지)알고 싶습니다.","['네 가능합니다 우리학교의 재학연한은 총12학기인데 8학기로 수료를 했으면 4학기(2년) 동안 수료생 신분이 인정되고 9학기 수료면 3학기(1년 반) 동안 인정되는 식입니다 즉 수료생 신분이 끝나기 전까지 졸업시험, 인증을 마치면 해당학기 직후 바로 졸업생 신분이 됩니다', '재학연한 = 등록학기 + 수료학기 (휴학은 상관없음)']","['에타조교', '에타조교']","['parent', 'parent']",115633845
"국외교류 학점인정 관련 문의드립니다.2019-2학기 7+1성적을 1회차 학점 인정 기간에 맞춰 받았는데, 성적이나 이수구분에 수정사항이 생기면 학과장 승인하에 수정할 수 있나요?",['제가 근무했을땐 국교팀에서 따로 사유서를 제출해야 한다고 했었는데 지금도 그런지는 모르겠네요 일단 학과장님 동의만 있으면 가능하긴한데 먼저 국교팀에 문의하시길 바랍니다'],['에타조교'],['parent'],115412590
안녕하세요 조교님!한 학기에 들을 수 있는 최소학점이 12학점이잖아요. 제가 이번에 13학점에서 몇개 드랍해서 최종 9학점 듣는데 그럼 이번학기 등록금이 더 줄어드나요?? 저는 현재 4학년 1학기에 재학중인데 9학기 이상 재학생은 몇학점을 듣느냐에 따라 등록금 액수가 달라진다고 하여 혹시나하고 여쭤봅니다..,['1. 4학년 이후부턴 12학점 미만으로도 드랍이 가능합니다 2. 8학기까지는 신청학점과 상관없이 등록금을 전액 납부해야합니다 (9학기부터 차등 납부)'],['에타조교'],['parent'],115236225
조교님 안녕하세요작년 말에 있었던 이중전공 신청 때 아쉽게 지원했다가 떨어지게 됐습니다. 5월에 있는 변경기간에는 변경만 가능한가요 ? 아니면 신청도 가능한 건가요 ?,['2학년 이후부턴 이중전공 변경신청으로만 신청이 가능합니다 1학년 신청 때 탈락을 했거나 미신청한 경우에도 이후엔 변경신청을 통해 이중을 배정받아야 합니다'],['에타조교'],['parent'],115199887
안녕하세요!7+1 다녀와서 인정받은 자선학점을교양으로 변경가능 할까요?,['국내외교류학점은 사전 승인이 있어야 인정이 가능합니다 따라서 지금은 사후로 인정을 받거나 변경할 수 없습니다'],['에타조교'],['parent'],115166514
"안녕하세요!제가 20학번 신입생인데 바로 군대를 가게 되어 2022년에 1학년 1학기를 시작하게 되었습니다.ㅜㅜ그럼 22학번 신입생들과 함께 1학년 강의를 들을 수 있나요? 예를 들어, ‘22학번 전용 강의’를 수강할 수 있나요? 같은 1학년 1학기인데... 안되면 어쩌죠 ㅠㅠ",['복학 시 학생의 신분은 여전히 1학년이기 때문에 바로 1학년 수업을 들으시면 됩니다 학번 제한의 경우는 따로 학과에 문의하셔서 조치를 받으시면 됩니다'],['에타조교'],['parent'],114912966
안녕하세요 조교님 졸업유예에 대해 여쭤보려는데요 제가 지금 통대 막학기고 19학점 듣고 3학점을 더 들어야되는데 이걸 계절학기로 채울거거든요 졸업유예를 하려면 학점을 다 채운 후 토익 성적만 제출하지 않으면 되나요? 과는 영통입니당...,"['삭제된 댓글입니다.', '헉 감사합니다 혹시 남은 3학점을 안 채워도 졸업유예가 가능한가요.. 예를 들면 겨울 학기 계절때 3학점 들어서 채운다거나...ㅠ ㅠ', '아하... ㅠ 알려주셔서 감삼다.....', '졸예하려면 학점 다 채우고 토익만 제출 안하면 되는군요..!', '감ㄱ사합니다!!!', '8학기까지 졸업학점을 다 채우게 되면 학생은 자동으로 수료생(졸업대기) 신분이 됩니다 이 때는 학과 졸업시험을 치지 않거나 또는 영어점수를 제출하지 않는 형식으로 수료생 신분을 유지할 수 있습니다']","['(삭제)', '익명(글쓴이)', '익명(글쓴이)', '익명(글쓴이)', '익명(글쓴이)', '에타조교']","['parent', 'child', 'child', 'child', 'child', 'parent']",114862653
"안녕하세요 조교님..!!저는 서울캠 상경대 학생입니다계절학기 신청에 대해 알고 싶어서 이렇게 질문 드리게 됐습니다. 최대 6학점, 학점당 79000원으로 알고 있는데혹시 신청기간을 알 수 있을까요?또 서울캠 재학생이 글로벌캠 강의를 수강 가능한가요?건강 유의하시고 좋은 하루 보내시길 바랍니다. 답변 감사드려요!","['1. 여름계절은 5월, 겨울계절은 11월경에 학교홈피 학사공지를 통해 신청일정이 공지됩니다 그 때 공지를 확인하셔서 신청하시면 됩니다 2. 일부 교양이나 전공과목에 한해서 캠간 수강이 가능합니다 수강이 안 되는 수업들은 공지에 첨부된 신청지침서를 참고하시면 됩니다']",['에타조교'],['parent'],114667995
"조교님 안녕하세요!국외교류를 다녀오고 학점인정신청을 하는 중입니다.1전공 과목은 학과장 교수님께 승인을 받았고,과목 중 일부는 자선으로 인정받으려고 하는데,학과장 확인부분은 어떻게 하면 되는건가요??","['정확하게 기억은 안 나는데 아마 학점인정신청서에 학점 구분란이 있을 겁니다 전공인지 이중인지 자선인지 쓰게 되어있는데 거기에 각각 전공 몇 학점, 자선 몇 학점 인정인지 쓰시고 학과장님 서명(도장)을 받으시면 됩니다 자선도 1전공학과 학과장님한테 받으시면 됩니다']",['에타조교'],['parent'],114656038
"안녕하세요 조교님!2019-2에 7+1로 해외에서 연수하고 현재 휴학중인데, 이번 여름 계절학기 수업을 들을 수 있나요?연수 당시 3학년 2학기였어요",['여름 계절을 들으시고 그 다음학기에 바로 복학하시면 인정됩니다'],['에타조교'],['parent'],114514002
조교님 영어대 교류 수업을 신청했는데 종정시에 자선으로 뜨는건 어떻게 해야하나요??,['학종지 소속 단과대 담당자분에게 이수구분정정신청을 하시면 바꿔줍니다'],['에타조교'],['parent'],114457383
안녕하세요 조교님 제가 지난 학기에 교양 f학점 받은게 있는데 이번에 p/f 과목으로 재수강 신청해서 연결했습니다 재수강 연결은 확인됐는데 종정시에서 성적 이수 사항에선 변경이 없어서요.. 재수강으로 되면 그 과목이 삭제되는 것이 아닌가요? 총 평점에도 변화가 없는데 학종지에 문의해야 할까요?,"['삭제된 댓글입니다.', '감사합니다 기다려야겠네요', '재수강을 신청해서 듣게되면 기존의 수업 성적은 학기 3/4 이후에 없어집니다 학생이 중도에 휴학을 하는 경우를 대비해 남겨두는 건데 3/4가 넘으면 종정시에서 자동으로 없어지니 신경쓰지 않으셔도 됩니다']","['(삭제)', '익명(글쓴이)', '에타조교']","['parent', 'child', 'child']",114447750
"조교님 안녕하세요!패스/페일 과목 학점반영에 대한 질문을 드리고자 합니다.패스/페일 과목에서 페일을 받으면, gpa에도 반영이 되나요 아니면 이수학점만 빠지나요? 짜잘한 질문 정말 죄송핮니다 ㅠㅠ",['평점에는 반영 안됩니다 그냥 아예 안 들으신 걸로 보시면 됩니다'],['에타조교'],['parent'],114443892
조교님 안녕하세요 :)수강편람에 후기 이중전공에 관한 부분을 못찾아 글 남깁니다. 혹시 수강편람 관련한 정보를 어디서 찾을 수 잇을까요?수고하십니다 항상 웅원합니다,"[""학교홈피 > 오른쪽 상단의 검색창에서 '편람'으로 검색 > 맨 위에 뜨는 서울캠, 글캠 편람 중 본인의 소속 캠퍼스에 맞는 편람을 클릭 > 최근학기(2020-1학기) 버전 클릭 > 새창에서 열린 E북 상단의 검색창에 '후기이중'으로 검색하시길 바랍니다""]",['에타조교'],['parent'],114436970
안녕하세요 조교님저는 올해 들어온 새내기인데 집안 사정이랑 이것저것 겹쳐서 부득이하게 학기중 자퇴를 하려고 하고 있습니다찾아보니 학기 개시일부터 30일내에 자퇴하면 등록금의 6분의 5를 돌려준다는데 입학금도 돌려주는건가요?학교 들어올때 등록금뿐만 아니라 입학금 학생회비 등등 몇가지를 냈는데 그 모든것들을 포함한 금액의 6분의 5인지 등록금의 6분의 5인지 궁금합니다감사합니다!,"['아 그리고 학기 개시일을 기준으로 등록금 반환기간을 설정하던데 개강이 2주 미뤄졌음에도 학기 개시일은 3월 1일로 똑같은건가요??', '1. 등록금의 6분의 5를 말하며 입학금 및 학생회비는 별개입니다 2. 코로나로 인해 학기 개시일이 연기되었으니 등록금 반환 규정도 거기에 맞춰질 것이라 생각됩니다 다만 이건 학종지에 문의하셔서 확인을 하시길 바랍니다', '감사합니다!']","['익명(글쓴이)', '에타조교', '익명(글쓴이)']","['parent', 'parent', 'child']",114330892
"조교님 제가 작년 2학기때 토익 제외한 모든 졸업요건을 갖추고 이번학기부터 졸업유예생이 됏습니다. 다름이 아니라 졸업 토익점수도 작년 2학기때 시험을 봐서 성적표만 제출하면 되는데, 대면이 아닌 우편으로 제출하려 합니다. 근데 제가 지금 평일에는 인턴중이기 때문에 학종지에 연락할 수 있는 상황이 아닙니다. 이경우 학종지에 연락을 못드리는데, 어떡하면 될까요? 원래는 학종지에 전화를 하고 허락맡은뒤에 우편으로 보내면 된다고 알고 있습니다..","['전화 문의가 어렵다면 우편으로 성적표를 제출할 때 서면 제출을 하는 이유를 간단하게 적어주시고 처리를 부탁하시면 됩니다 사실 아무런 문의없이 성적표만 제출해도 처리해주는 편이지만 학생 본인이 제출 및 처리를 희망하는게 맞는지 확인을 하는 경우도 있으니 그렇게 하는편이 좋습니다', '감사합니다']","['에타조교', '익명(글쓴이)']","['parent', 'child']",114208038
안녕하세요 조교님 14학번 막학기입니다이번학기 포함 130학점 이수입니다 4학점은 실용외국어입니다.대체할 방법은 플렉스나 외국어 연수 평가원이 있더라고요이번에 플렉스로 701점 넘으면 되지만 혹시 시험이 연기될까봐 외국어연수평가원도 찾아봤는데요1) 외국어 연수평가원 7월에 듣고 수료 제출하면 8월에 졸업하는지2)만약 안되면 담학기에 등록해야하는지3)14학번도 외국어연수평가원으로 실용외국어 4학범 대체할 수 있는지4)만약에 c+이 나오면 실용외국어 성적이 c+로 나오는지 궁금합니다,"['14학번이라면 외국어연수평가원 과정으로 실외를 대체할 수 있습니다 다만 학생의 경우 졸업과 관련된 실용외국어 학점 인정인 만큼, 졸업사정회의가 있는 7월말이나 8월 초까지는 확정을 지어야 합니다 따라서 이건 학점인정을 담당하는 학종지 및 외국어연수평가원에 문의하셔서 학생이 구상하고 있는 계획이 일정상 가능한 지 알아보셔야 할 것 같습니다 성적의 경우 외국어연수평가원 수료 성적을 기준으로 평점이 부여됩니다', '4번 네 흥미있는언어꼭선택하시고 난이도보고. 하세요 기초반이라해도 하루 7시간 넘게투자하는데 생각보다 절대평가기준이 엄격합니다 100점만점에 90점부터 에이들어가요 거기서부터 마이너십점씩 구간점수 이구요 해본결과 그냥앉아있다올생각으로가면 절대못받아요 기본베이스없다는 가정하에', '다행히 스페인어 어느정도 할줄알았는데 까먹어서 스페인어 다시 하려고요 ㅎㅎ 감사합니다']","['에타조교', '익명', '익명(글쓴이)']","['parent', 'parent', 'child']",114050597
"안녕하세요 조교님! 제가 4-1까지 졸업 필요 학점을 다 채웠는데, 4-2 때 등록금만 내고 수업을 안들어도 되나요?",['최소 1학점 이상은 이수해야 학기 등록이 인정됩니다'],['에타조교'],['parent'],113872679
안녕하세요 조교님문화콘텐츠 전공 논문 관련 정보는 어디서 얻을 수 있을까요메일도 안오고 홈페이지도 없고그렇다고 전화를 받는건 또 아니라서 답답하네요 ..,"['논문 검색하다가 글 보게 됐는데 이번 학기에 논문제출 관련 메일을 아예 전체적으로 다 안보내준건가봐요...? 저도 메일이 안왔어서...', '아그리고 문콘 논문 공지는 대학원 글로벌문화콘텐츠학과 사이트에 올라와있어요', '각 전공별로 졸업사정방식이 다르기 때문에 졸업논문과 관련된 정보는 해당학과에 문의해보셔야 합니다 윗분의 말씀대로 사이트에서 검색을 해보시거나 아니면 해당 전공의 교수님 연구실로 문의해보시길 바랍니다']","['익명', '익명', '에타조교']","['parent', 'parent', 'parent']",113774625
조교님 안녕하세요!찾아보다 혼자 계산하는게 좀 헷갈려서 질문드립니다제가 15학번으로 편입을 했고 중간에 일년을 휴학했어서 2019년 2학기를 끝으로 이수학점을 다 채웠습니다 이수학점은 다 채웠지만 논문은 안낸 상태로 졸업 유예 수료생 신분인데 언제까지 유예를 할 수 있는건가요?,"['제가 이전 학교에서 2년으로 4학기를 다녔고 휴학하고 15로 편입을 해서 중간에 외대에서 한번 휴학한 것은 제외하고 2년 동안 학교를 다녀서 4학기릉 다닌 것으로 계산하면 총 8학기이니까 12-8해서 4학기, 2년의 기간 동안 논문을 제출하면 되는 것이죠?', '그럼 2021년 2학기 논문 제출하고 통과하면 제적이 안되는거죠?', '휴학을 제외한 재학연수는 최대 12학기입니다 편입생의 경우 전적대 4학기 + 본교 4학기로 8학기를 채우는 형식이니 수료 후 최대 4개학기(2년)까지는 재학이 인정됩니다']","['익명(글쓴이)', '익명(글쓴이)', '에타조교']","['parent', 'parent', 'parent']",113730870
안녕하세요 조교님 등록금 납입증명서 질문입니다아빠회사에서 등록금납입증명서같은거 떼와야 지원이 나온다고그러는데종정시에서 뽑은거에는 제 인적사항이 부족하다고그럽니다내 주민번호 주소 이런거 다 나오게하려면 뭘 어떻게뽑아야되나요,"['음...학교에서 발급하는 증명서 중 학번이나 전공 등을 제외한 학생의 개인정보가 기재되는 서류는 없습니다 주민번호나 주소 등이 나오는건 주민센터에서 발급하는 등본이죠 학교에서 발급하는건 어디까지나 학교와 관련된 정보(전공, 학적, 재학여부) 등입니다 아버님의 회사에서 구체적으로 어떤 인적사항을 요구하는지 다시 확인바랍니다 예를들면 납입증명서 외에 재학증명서를 추가 제출해서 갈음한다는 식으로 말이죠']",['에타조교'],['parent'],113699095
안녕하세요 조교님 이번에 편입한 학생입니다이중전공과 부전공을 할려고 생각중인데 둘 중 하나를 하게되면 교양은 아예 안들어도되는건가요? 그리고 재학생에게 들은 말로는 부전공에서 나중에 이중전공으로 올릴 수 있다하는대 편입생도 가능한지 궁금합니다,"['1. 이중, 부전 이수와 상관없이 졸업배분표 상의 교양학점은 반드시 채우셔야 합니다 2. 재학연수의 부족 등으로 인해 편입생의 이중전공 이수는 학교 차원에서 권장하지 않습니다 다만 아예 막힌 건 아니고 학종지 상담 후 이중전공을 신청하는 건 갸능합니다 부전공 이수 중 이중으로 올리고 싶다면 신청기간 전에 학종지에 문의하시길 바랍니다']",['에타조교'],['parent'],113668355
안녕하세요 조교님. 8학기 이후 졸업까지 3학점이 남았을 경우 계절학기를 마지막으로 듣고 끝낼 수 있는건가요?(현재 8학기 재학 중입니다)6학점 이상이 남아야 계절을 들을 수 있다는 얘기를 들어 혼란스러워 문의 남깁니다.감사합니다.,"['1. 네 그렇게 들으셔도 졸업됩니다 계절도 8학기로 산입되거든요 2. 6학점 넘게 남아있어야 계절 이수가 가능한건 7학기생에게만 해당됩니다 8학기 이상 재학생은 상관없습니다', '감사합니다! 좋은하루 보내세요:))']","['에타조교', '익명(글쓴이)']","['parent', 'child']",113527173
조교님 안녕하세요외교관 선발시험 대비반이 있다고 들었습니다설캠만 가능한가요? 글캠도 가능한가요?,"['고시반은 설캠, 글캠이 따로 운영하는걸로 알고 있습니다 매학기 초에 학교 홈피 공지사항을 통해 고시반 신입실원을 모집하니 자세한건 공지를 검색해보시길 바랍니다']",['에타조교'],['parent'],113481309
졸업시험 플렉스요14학번 사과대 전공이고실용외국어 플렉스 성적으로 대체했는데이걸로 졸업 요건도 충족 되나요아님 새로 봐서 제출해야하나요?,"['학교 졸업인증도 가능합니다', '유효기간 같은 거 없나요?', '학종지 제출일자까지 유효기간이 만료되지 않으면 됩니다', '대체할 때 학종지에 3년 전에 이미 제출했고 당시에는 유효했는데 그럼 졸업도 자동 인정되는 건가요?']","['에타조교', '익명(글쓴이)', '에타조교', '익명(글쓴이)']","['parent', 'child', 'child', 'child']",113449038
"조교님, 학사 편입생도신입생 세미나를 들어야만 졸업을 할 수 있는 건가요?편입생 대학생활안내 책자에선학사편입의 경우 전적대에서 총 70학점을 인정받으며,단일전공일 경우전공 54학점 / 교양 10학점 총 64학점을 이수해서134학점이 되어 졸업학점을 채워야 한다고 되어 있습니다. 여기 교양 10학점에 신입생 세미나가 들어가야하는지 궁금합니다.","['수강신청 해보시면 아시겠지만 편입생은 아예 금지입니다. 신입생 세미나 듣고싶어도 못듣습니다 ㅠ 그리고 교양외국어도 못듣구요~ 조교님 맞죠?', '세미나 궁금해요 ㅠㅠ 감사합니다', '대신 답해주셔서 감사합니다^^ 그리고 세미나...별거 없습니다 그냥 학기중에 한두번, 그것도 5분 10분 얘기하고 패스하는 경우가 부지기수입니다']","['익명', '익명(글쓴이)', '에타조교']","['parent', 'child', 'child']",113321353
몇 가지만 여쭤보겠습니다 !1. 혹시 재입학을 하게 되면 기존 학번과 다른 새로운 학번이 부여되나요? 재입학한 년도의 학번이 새로 부여되나요..?2. 만약 재입학한 년도의 학번이 새로 부여된다면 그 새로운 학번에 맞는 졸업요건 및 학과 전공필수 과목을 들어야 하는 건가요?3. 재입학을 하게 되면 기존 이중전공도 계속해서 유지되는건가요?감사합니다 !,"['재입학은 제적 상태인 학적을 재학생으로 바꾸는 것입니다 즉 학적을 제외한 기존의 학기, 이수학점, 성적, 전공, 학번 등은 모두 그대로입니다']",['에타조교'],['parent'],113201884
조교님!!경제 부전 하다가 이중변경 신청해서 이중전공 할 수 있어요?아니면 부전 신청했으면 후기이중으로만 이중 해야하나요?!정보가 나와있는데 제가 못찾는거라면 죄송합니다 ㅜㅜ,"['처음부터 부전공으로 들으신거라면 이중전공 변경기회가 아직 남은거니 이중 신청을 하시면 됩니다', '감사합니다😊😊']","['에타조교', '익명(글쓴이)']","['parent', 'child']",113177058
"안녕하세요 재학 중 이중 변경 기회는 1번인걸로 알고 있는데 현재 이중 a에서 부전 b로 이번학기에변경 한 후 다음학기에 부전 b를 이중으로 올린다면 이건 1번의 기회를 초과하는 것인지 묻고 싶습니다 !(= 이중 a에서 부전 b로 올리는 것도 이중 변경 횟수에 포함이 되는지, 부전 b를 이중b로 올리는 것도 이중 변경 횟수에 포함이 되는지 )",['이중을 부전으로 내리는건 이중변경으로 보지 않습니다 그건 부전공 신청이죠 단 부전을 이중으로 올리는건 같은 전공이라고 해도 이중변경으로 간주합니다'],['에타조교'],['parent'],113110973
조교님 저번학기에 케이묵 수업을 들었는데요! 전공인정되는 학과인데 교양에서 전공으로 넘기려면 어떻게 해야하나요?,['학종지 소속 단과대 담당자분에게 이수구분정정신청을 하시면 전공으로 바꿔줍니다'],['에타조교'],['parent'],113110882
안녕하세요 조교님 제가 수강했던 과목이 2학기여서 재수강하려면 2학기때 그 과목을 재수강으로 신청해야했는데 1학기에 들은걸로 착각하고 이번학기에 재수강 체크하고 신청해버렸어요ㅠㅠ 그래서 종정시에 성적연결불가라고뜨는데 이대로 수강하면 초수강으로 되는건가요? 수강 자체에 문제는 없는거겠죠..?!,['따로 재수강 연결을 하지 않으면 자동으로 초수강 처리됩니다 그냥 초수강인 상태로 들으시는건 문제없습니다'],['에타조교'],['parent'],112998633
